codigo,eleicao,cargo,territorio,turno,caso_unidade,inclusao_motivo,fonte_de_selecao,escopo_estimativas,limitacoes,status
PRES-2014,2014,Presidente,Brasil,1,Datafolha e Ibope - par de líderes,base histórica para comparação entre ciclos e documentação contemporânea recuperada,Folha/Datafolha e Folha/Ibope,dois candidatos líderes; 2 institutos,MAE do par não é MAE da eleição; arredondamento publicado,transcrito e reproduzível
PRES-2018,2018,Presidente,Brasil,1,Datafolha e Ibope - par de líderes,base histórica para comparação entre ciclos e documentação contemporânea recuperada,UOL/Folha e TSE,dois candidatos líderes; 2 institutos,MAE do par não é MAE da eleição; arredondamento publicado,transcrito e reproduzível
PRES-2022,2022,Presidente,Brasil,1,Datafolha Ipec Quaest AtlasIntel - par de líderes,base histórica e comparação de discrepância pré-eleição conhecida,Folha UOL CNN e repositório TSE,dois candidatos líderes; 4 institutos,MAE do par não é MAE da eleição; arredondamento publicado,transcrito e reproduzível
PRES-2026,2026,Presidente,Brasil,1,Oito de 14 pesquisas compiladas - Lula e Flávio,caso de grande interesse público e eleição contemporânea,Poder360 relatórios primários e notícias com hora/data,dois candidatos líderes; 8 institutos/pesquisas,6 pesquisas da compilação pendentes; escopo incompleto; não classifica instituto,parcial
SEN-PR-2022,2022,Senador,Paraná,1,Ipec e Veritá - 10 candidatos,caso citado pelo usuário e discrepância de grande magnitude,relatórios e notícias contemporâneas mais totalização TSE,10 candidatos; 2 institutos,Ipec corrigiu período de campo após divulgação; nota primária autônoma pendente,piloto concluído com ressalva de cadeia documental
GOV-PR-2022,2022,Governador,Paraná,1,Ipec - Ratinho e Requião,caso de discrepância acima da margem de erro e par com senador no mesmo estado,relatório original G1/Ipec e totalização final TSE,dois candidatos líderes; 1 instituto,par isolado; erro de Ratinho supera margem declarada; não mede desempenho geral,transcrito e reproduzível
GOV-RJ-2026,2026,Governador,Rio de Janeiro,1,Oito pesquisas de sete institutos - Paes e Ruas,caso nomeado pelo usuário como possível reversão de liderança,relatórios/pesquisas publicados e totalização corrente TSE,dois candidatos líderes; 8 levantamentos,resultados provisórios diante de candidatura sub judice; RT Big Data reescalado em análise de sensibilidade; censo de últimas publicações pendente,parcial e juridicamente condicionado
PREF-SP-2024,2024,Prefeito,São Paulo,1,Datafolha Quaest AtlasIntel - três líderes,capital escolhida por disputa tripla apertada e documentação final reunida,UOL e totalização eleitoral,3 candidatos líderes; 3 institutos,MAE restrito ao trio líder; não mede voto útil,cálculo reproduzível
PREF-RJ-2024,2024,Prefeito,Rio de Janeiro,1,Datafolha Quaest AtlasIntel - três líderes,caso de contraste de vitória no primeiro turno em capital,UOL e totalização eleitoral,3 candidatos líderes; 3 institutos,MAE restrito ao trio líder; não mede desempenho de todos os candidatos,cálculo reproduzível
